213986,169062,154707,91485.3,99815.5,93567.8,134327,101675,89625.7,97732.9,85460.6,69246.1,30569.4,97732.9,97732.9,38676.7,38676.7,77353.3,59056.3,48866.5,56973.7,38676.7,79435.9,50949,71328.6,34511.6,26404.3,56973.7,28486.9,77353.3,10189.8,34511.6,30569.4,30569.4,59056.3,54891.2,69246.1,46786.2,30569.4,46783.9,10189.8,28486.9,87543.1,36594.1,44701.4,18297.1,34511.6,38676.7,46783.9,50949,28486.9,48866.5,73188.3,10189.8,28486.9,10189.8,18297.1,71328.6,26404.3,28486.9,38676.7,46783.9,20379.6,36594.2,18297.1,40759.2,38676.7,8107.26,10189.8,30569.4,10189.8,28486.9,8107.28,28486.9,26404.3,20379.6,16214.5,30569.4,26404.3,44701.4,0,20379.6,18297.1,10189.8,30569.4,20379.6,50949,36594.1,38676.7,8107.26,0,30569.4,40759.2,20379.6,28486.9,48866.5,8107.28,69246.1,36594.1,56973.7,18297.1,48866.5,18297.1,56973.7,20379.6,18297.1,20379.6,26404.3,10189.8,0,36594.1,36594.2,28486.9,8107.28,40759.2,0,20379.6,0,18297.1,10189.8,0,0,46784,18297.1,20379.6,28486.9,26404.3,30569.4,0,20379.6,10189.8,0,40759.2,0,10189.8,50949,28486.9,36594.1,40759.2,36594.1,28486.9,18297.1,0,26404.4,20379.6,34511.6,10189.8,65081,10189.8,20379.6,10189.8,0,8107.28,16214.5,28486.9,0,40759.2,20379.6,0,18297.1,40759.2,48866.5,26404.4,8107.28,10189.8,10189.8,10189.8,36594.1,24321.8,10189.8,40759.2,28486.9,34511.6,50949,20379.6,38676.7,10189.8,38676.7,10189.8,10189.8,28486.9,0,10189.8,28486.9,30569.4,0,10189.8,0,20379.6,0,0,30569.4,0,10189.8,10189.8,8107.28,0,0,10189.8,38676.7,30569.4,34511.6,20379.6,38676.7,20379.6,30569.4,18297.1,18297.1,0,18297.1,20379.6,30569.4,38676.7,28486.9,20379.6,20379.6,50949,0,46784,18297.1,10189.8,18297.1,26404.4,30569.4,30569.4,26404.3,0,0,34511.6,30569.4,16214.6,10189.8,38676.7,0,20379.6,30569.4,59056.3,20379.6,0,8107.28,18297.1,38676.7,8107.28,8107.28,10189.8,18297.1,10189.8,8107.28,0,18297.1,16214.6,10189.8,18297.1,20379.6,18297.1,26404.4,34511.6,10189.8,10189.8,16214.5,20379.6,10189.8,18297.1,18297.1,10189.8,0,18297.1,10189.8,50949,20379.6,0,28486.9,28486.9,0,0,10189.8,8107.28,10189.8,8107.28,18297.1,10189.8,38676.7,10189.8,50949,10189.8,10189.8,0,20379.6,8107.28,10189.8,16214.6,20379.6,28486.9,0,0,0,0,0,8107.28,20379.6,0,18297.1,10189.8,30569.4,18297.1,10189.8,8107.28,10189.8,0,44701.4,8107.28,18297.1,30569.4,73188.3,18297.1,10189.8,0,0,10189.8,0,20379.6,10189.8,0,18297.1,8107.28,16214.6,38676.7,10189.8,16214.6,8107.28,20379.6,0,8107.28,40759.2,0,0,20379.6,10189.8,0,0,0,30569.4,0,10189.8,18297.1,18297.1,8107.28,10189.8,30569.4,18297.1,16214.6,0,20379.6,20379.6,0,30569.4,36594.2,10189.8,10189.8,20379.6,0,30569.4,0,28486.9,20379.6,10189.8,8107.28,10189.8,20379.6,0,30569.4,36594.2,10189.8,10189.8,10189.8,20379.6,8107.28,10189.8,8107.28,10189.8,0,28486.9,0,20379.6,0,0,10189.8,10189.8,16214.6,20379.6,16214.6,8107.28,0,28486.9,10189.8,10189.8,0,0,0,0,20379.6,8107.28,18297.1,8107.28,0,48866.5,8107.28,0,20379.6,10189.8,10189.8,10189.8,8107.28,50949,28486.9,0,28486.9,10189.8,26404.4,10189.8,46784,10189.8,18297.1,8107.28,10189.8,0,28486.9,10189.8,18297.1,0,28486.9,20379.6,0,8107.28,10189.8,20379.6,38676.7,10189.8,10189.8,8107.28,10189.8,18297.1,20379.6,18297.1,10189.8,0,20379.6,28486.9,0,18297.1,20379.6,0,0,20379.6,10189.8,0,8107.28,8107.28,10189.8,20379.6,8107.28,28486.9,20379.6,0,20379.6,10189.8,16214.6,30569.4,0,26404.4,0,20379.6,28486.9,8107.28,10189.8,10189.8,20379.6,20379.6,0,10189.8,8107.28,0,10189.8,10189.8,0,16214.6,0,20379.6,30569.4,10189.8,0,0,18297.1,0,18297.1,56973.8,10189.8,0,20379.6,10189.8,10189.8,10189.8,10189.8,10189.8,10189.8,18297.1,18297.1,8107.28,20379.6,18297.1,0,8107.28,10189.8,20379.6,0,0,0,0,10189.8,28486.9,10189.8,20379.6,20379.6,18297.1,16214.6,0,28486.9,28486.9,10189.8,30569.4,0,10189.8,0,8107.28,20379.6,10189.8,0,0,0,38676.7,0,20379.6,10189.8,0,20379.6,8107.28,18297.1,10189.8,20379.6,20379.6,10189.8,18297.1,16214.6,0,0,0,0,0,0,0,0,0,0,0,0,0,0,0,0,0,0,0,0,0,0,0,0,0,0,0,0,0,0,0,0,0,0,0,0,0,0,0,0,0,0,0,0,0,0,0
203201,164525,204987,148162,117815,140129,81221.2,72891.1,107403,56825.2,69023.4,54742.6,99369.7,66940.7,54742.6,66940.7,44627.2,72891,79138.8,34511.6,87171.7,34511.7,24396.1,91337,42544.6,22313.5,91336.8,34511.7,10115.5,66940.8,34511.7,24396.2,24396.1,46709.8,36594.2,46709.8,22313.6,66940.8,87171.8,40462,54742.7,93419.5,44627.2,10115.5,42544.6,34511.7,46709.8,69023.4,34511.7,87171.7,66940.8,77056.2,32429.1,30346.5,10115.5,46709.6,32429.1,56825.3,56825.3,24396.2,22313.6,46709.8,0,54742.7,44627.2,44627,79138.9,32429.1,56825.3,32429.1,75018.1,34511.7,81221.5,32429.1,32429.1,58907.9,0,34511.7,56825.3,34511.7,20231,22313.6,22313.6,46709.8,12198.1,22313.6,79138.9,32429.1,44627.2,44627.2,74973.7,56825.3,12198.1,20231,34511.7,34511.7,22313.6,12198.1,32429.1,12198.1,44627.2,24396.2,44627.2,22313.6,22313.6,34511.7,56825.3,0,42544.6,10115.5,115436,22313.6,22313.6,24396.2,24396.2,46709.8,32429.1,34511.7,54742.7,20231,24396.2,36594.3,24396.2,54742.7,36594.3,24396.2,0,0,10115.5,0,0,22313.6,22313.6,0,10115.5,34511.7,0,34511.7,34511.7,12198.1,34511.7,24396.2,56825.3,24396.2,22313.6,0,0,36594.3,10115.5,0,56825.3,56825.3,54742.7,12198.1,12198.1,24396.2,56825.3,32429.1,36594.3,24396.2,32429.1,42544.6,32429.1,56825.3,22313.6,24396.2,34511.7,24396.2,0,12198,12198.1,12198.1,20231,0,32429.1,34511.7,0,52660.1,0,22313.6,46709.8,42544.6,22313.6,48792.4,0,0,12198.1,22313.6,24396.2,12198.1,12198.1,44627.2,24396.2,42544.6,12198.1,34511.7,12198.1,22313.6,20231,22313.6,22313.6,12198.1,36594.3,0,10115.5,24396.2,24396.2,22313.6,12198.1,0,24396.2,34511.7,36594.3,56825.3,36594.3,12198.1,22313.6,12198.1,22313.6,12198.1,34511.7,34511.7,12198.1,0,0,69023.4,20231,24396.2,22313.6,22313.6,10115.5,0,22313.6,0,0,24396.2,10115.5,34511.7,12198.1,34511.7,10115.5,0,10115.5,24396.2,10115.5,58907.9,32429.1,46709.8,10115.5,20231,10115.5,12198.1,32429.1,0,10115.5,10115.5,0,0,44627.2,44627.2,36594.3,12198.1,32429.1,12198.1,10115.5,10115.5,20231,24396.2,34511.7,12198.1,0,34511.7,0,32429.1,22313.6,22313.6,12198.1,20231,12198.1,0,0,34511.7,22313.6,10115.5,32429.1,12198.1,24396.2,12198.1,36594.3,44627.2,12198.1,12198.1,32429.1,22313.6,0,0,36594.3,0,24396.2,34511.7,12198.1,22313.6,10115.5,36594.3,12198.1,20231,36594.3,48792.4,22313.6,0,36594.3,0,0,20231,12198.1,24396.2,0,12198.1,0,46709.8,12198.1,12198.1,12198.1,34511.7,10115.5,20231,10115.5,12198.1,22313.6,12198.1,10115.5,24396.2,32429.1,10115.5,12198.1,34511.7,10115.5,0,30346.5,24396.2,10115.5,12198.1,32429.1,24396.2,22313.6,10115.5,0,20231,32429.1,42544.6,12198.1,12198.1,0,0,0,24396.2,0,0,32429.1,12198.1,0,0,32429.1,0,12198.1,24396.2,12198.1,34511.7,24396.2,12198.1,40462,12198.1,24396.2,12198.1,30346.5,20231,0,12198.1,10115.5,12198.1,12198.1,12198.1,32429.1,12198.1,24396.2,0,34511.7,22313.6,10115.5,12198.1,10115.5,24396.2,12198.1,0,0,0,0,0,12198.1,10115.5,12198.1,32429.1,0,0,0,10115.5,32429.1,44627.2,0,0,12198.1,10115.5,0,0,20231,12198.1,22313.6,32429.1,22313.6,10115.5,0,24396.2,22313.6,12198.1,22313.6,44627.2,24396.2,10115.5,32429.1,34511.7,0,0,12198.1,0,12198.1,12198.1,12198.1,10115.5,12198.1,0,0,0,22313.6,12198.1,0,24396.2,12198.1,12198.1,0,10115.5,10115.5,0,0,0,0,10115.5,0,12198.1,0,34511.7,0,0,24396.2,10115.5,10115.5,10115.5,22313.6,0,12198.1,12198.1,24396.2,20231,12198.1,0,0,10115.5,10115.5,0,34511.7,10115.5,32429.1,0,0,22313.6,10115.5,12198.1,12198.1,22313.6,34511.7,22313.6,0,0,22313.6,24396.2,12198.1,10115.5,46709.8,54742.7,0,36594.3,0,12198.1,0,12198.1,34511.7,22313.6,22313.6,12198.1,22313.6,22313.6,0,10115.5,0,0,34511.7,0,12198.1,36594.3,10115.5,0,22313.6,10115.5,0,22313.6,24396.2,34511.7,0,10115.5,10115.5,22313.6,10115.5,32429.1,34511.7,22313.6,10115.5,12198.1,0,22313.6,0,0,24396.2,12198.1,20231,24396.2,0,0,0,24396.2,10115.5,10115.5,20231,0,10115.5,0,0,0,0,0,0,0,0,0,0,0,0,0,0,0,0,0,0,0,0,0,0,0,0,0,0,0,0,0,0,0,0,0,0,0,0,0,0,0,0,0,0,0,0,0,0,0
98178.4,116624,83749.2,89996.9,67534.8,91930.9,53254.2,79732.9,59353.3,32726.1,38973.7,53254.3,30792.1,49089.3,34808.8,61435.9,36891.2,61287.3,38973.7,34808.7,22462.1,24544.7,42841.7,40907.7,32726.2,28709.7,18445.6,4165.04,18445.6,34808.7,45072.8,49089.3,38825.2,34808.8,63518.4,14280.5,45072.8,69469,18445.6,22462.1,14429.1,32726.2,14429.1,2082.53,26627.2,18445.6,36742.7,10264.1,4165.04,16363.1,24544.7,36891.2,24544.7,42990.3,8181.56,16363.1,26627.2,24544.7,14429.1,8181.54,24544.7,12346.6,12346.6,6099.03,8181.52,24544.7,26627.2,8181.52,16363.1,30643.7,40907.8,8181.56,34808.8,10264.1,20528.2,16363.1,32726.2,12198,38825.2,16363.1,18445.7,24544.7,30643.7,18445.6,6247.53,0,42990.3,14280.6,14280.6,14280.6,10264.1,0,6099.03,16363.1,18445.6,16363.2,36891.3,2082.53,0,24544.7,4165.04,28561.1,16363.1,26627.2,16363.1,34660.2,18445.6,8181.56,2082.51,10264.1,2082.51,22610.7,10264.1,18445.6,28561.2,32726.2,26627.2,12346.6,8181.56,10264.1,2082.53,14280.6,53105.9,53105.9,10264.1,22462.2,8181.54,12346.6,8181.56,14280.6,18445.6,16363.1,22462.2,10264.1,8181.54,26627.2,20379.6,22462.1,16363.1,16363.1,0,16363.1,8181.56,2082.51,24544.7,12346.6,0,8181.56,12198.1,32726.3,8181.56,26627.2,26627.2,16363.1,18445.6,0,8181.56,20528.1,36742.7,26627.2,26627.2,10264.1,2082.51,0,16363.1,8181.56,4165.04,12198.1,8181.56,0,14280.6,6099.03,16363.1,0,18445.7,18445.7,6099.03,28561.2,14280.6,4165.04,0,8181.56,2082.53,10264.1,8181.56,16363.1,12346.6,8181.56,22462.1,0,2082.53,2082.53,16363.1,6099.03,4165.06,8181.56,30643.7,8181.54,2082.53,12346.6,8181.56,8181.56,10264.1,14280.6,0,18445.6,18445.6,8181.56,24544.7,30643.7,16363.1,26627.2,18445.7,10264.1,2082.53,0,14280.6,8181.56,10264.1,10264.1,8181.56,30643.7,16363.1,8181.56,26627.2,0,6247.59,0,16363.1,16363.2,8181.56,18445.7,12198.1,24544.7,10264.1,18445.7,24544.7,8181.56,18445.7,10264.1,0,6099.03,2082.53,2082.53,14280.6,0,0,22462.2,10264.1,16363.1,22462.2,22462.2,14280.6,10264.1,8181.56,26627.2,8181.56,0,2082.53,14280.6,4165.06,0,0,0,0,6099.03,8181.56,18445.7,16363.1,20379.6,0,2082.53,0,4165.06,2082.53,0,2082.53,14280.6,14280.6,8181.56,2082.53,16363.1,0,2082.53,6099.03,2082.51,8181.59,0,24544.7,12198.1,4165.06,10264.1,10264.1,6099.03,10264.1,47006.8,8181.56,18445.7,8181.56,4165.06,0,6099.03,0,16363.1,8181.56,0,18445.6,8181.56,16363.1,8181.56,38825.3,0,0,6099.03,6099.03,6099.03,18445.7,8181.56,8181.56,18445.7,8181.56,8181.56,2082.53,16363.1,16363.1,16363.1,0,16363.1,6099.03,8181.56,2082.53,16363.1,18445.7,18445.7,0,8181.56,6099.03,8181.56,0,6099.03,12198.1,8181.56,6099.03,8181.56,14280.6,10264.1,0,8181.56,6099.03,16363.1,8181.56,0,0,8181.56,2082.53,16363.1,16363.1,16363.1,0,16363.1,10264.1,4165.06,0,6099.03,16363.1,2082.53,0,0,8181.56,0,0,8181.56,14280.6,0,0,8181.56,12198.1,2082.53,6099.03,0,8181.56,2082.53,8181.56,0,8181.56,8181.56,0,16363.1,2082.53,30643.7,0,0,30643.7,18297.1,20379.6,8181.56,14280.6,6099.03,8181.56,2082.53,0,24544.7,18297.1,0,8181.56,10264.1,0,0,2082.53,0,8181.56,2082.53,8181.56,8181.56,10264.1,0,6099.03,8181.56,6099.03,14280.6,0,16363.1,6099.03,2082.53,0,8181.56,8181.56,0,0,10264.1,0,6099.03,0,2082.53,16363.1,16363.1,8181.56,20379.6,8181.54,2082.53,8181.56,16363.1,0,6099.03,6099.03,2082.53,8181.56,0,6099.03,16363.1,0,14280.6,8181.56,2082.53,0,0,16363.1,8181.56,6099.03,8181.56,10264.1,0,0,0,0,4165.06,0,0,10264.1,12346.6,2082.53,0,10264.1,10264.1,0,0,10264.1,8181.56,0,6099.03,8181.56,10264.1,8181.56,6099.03,6099.03,8181.56,0,4165.06,2082.53,10264.1,8181.56,6099.03,6099.03,0,0,24544.7,14280.6,8181.56,14280.6,22462.2,12198.1,8181.56,0,10264.1,2082.53,8181.56,8181.56,0,4165.06,8181.56,10264.1,8181.56,12198.1,12198.1,10264.1,0,10264.1,6099.03,2082.53,8181.56,8181.56,8181.56,8181.56,0,6099.03,0,8181.56,0,14280.6,0,22462.2,16363.1,8181.56,2082.53,6099.03,0,0,0,8181.56,14280.6,6099.03,0,0,20379.6,24544.7,6099.03,10264.1,2082.53,0,0,10264.1,8181.56,8181.56,22462.2,0,2082.53,28709.7,10264.1,6099.03,6099.03,0,14280.6,8181.56,0,0,0,0,0,0,0,0,0,0,0,0,0,0,0,0,0,0,0,0,0,0,0,0,0,0,0,0,0,0,0,0,0,0,0,0,0
163111,138641,114170,91856.6,89699.9,77501.8,69394.5,89699.9,83600.9,69320.3,59204.7,57122.2,18371.3,63221.3,32651.9,30643.6,38750.9,59130.5,55039.8,18371.3,65229.6,59130.5,65229.6,63221.3,20379.6,48940.7,34660.2,32651.9,32651.9,26552.9,93790.7,61213,34660.2,28561.2,40759.2,59130.5,53031.5,14280.6,40759.2,8181.52,24470.4,16363,38750.9,20379.6,24470.4,40833.4,26552.9,46932.5,20379.6,42841.7,10189.8,20379.6,20379.6,14280.6,48940.8,4090.76,59130.5,24470.4,38750.9,63221.3,10189.8,10189.8,38751,0,20379.6,46932.5,40759.2,44850,8181.56,32651.9,24470.4,24470.4,34660.2,38751,24470.4,48940.8,59130.5,36742.7,34660.2,22462.1,0,38750.9,10189.8,42841.7,42841.7,14280.6,48940.8,42841.7,4090.78,14280.6,28561.2,10189.8,36742.7,4090.78,20379.6,14280.6,32651.9,20379.6,30569.4,4090.78,20379.6,0,28561.1,18371.4,24470.4,10189.8,4090.78,32651.9,0,14280.6,18371.3,42841.7,8181.54,14280.6,30569.4,40759.2,40759.2,30569.4,20379.6,30569.4,42841.7,10189.8,14280.6,30569.4,10189.8,8181.56,24470.4,28561.1,4090.78,20379.6,14280.6,18371.3,10189.8,8181.54,34660.2,34660.2,4090.76,30569.4,30569.4,4090.78,14280.6,34660.2,4090.78,20379.6,24470.4,14280.6,18371.4,28561.2,14280.6,4090.78,30569.4,30569.4,20379.6,10189.8,10189.8,14280.6,24470.4,34660.2,20379.6,24470.4,10189.8,0,24470.4,14280.6,18371.4,10189.8,12272.3,14280.6,24470.4,8181.56,10189.8,0,0,24470.4,10189.8,14280.6,18371.3,0,20379.6,44850,14280.6,14280.6,0,0,24470.4,14280.6,10189.8,16363.1,0,10189.8,14280.6,50949,24470.4,4090.78,28561.2,0,26552.9,34660.2,24470.4,20379.6,40759.2,14280.6,0,10189.8,4090.78,24470.4,0,14280.6,0,14280.6,28561.1,18371.4,14280.6,28561.1,4090.78,14280.6,0,18371.3,10189.8,4090.78,4090.78,10189.8,30569.4,14280.6,0,0,10189.8,10189.8,16363.1,18371.4,14280.6,8181.54,38751,24470.4,10189.8,20379.6,4090.78,0,42841.7,24470.4,10189.8,10189.8,14280.6,4090.78,10189.8,14280.6,4090.78,0,20379.6,0,10189.8,14280.6,14280.6,10189.8,14280.6,34660.2,8181.56,0,14280.6,20379.6,0,24470.4,20379.6,0,14280.6,14280.6,14280.6,42841.7,4090.78,28561.2,8181.56,10189.8,4090.78,14280.6,10189.8,0,30569.4,10189.8,4090.78,10189.8,8181.56,8181.56,0,4090.78,20379.6,10189.8,24470.4,0,4090.78,10189.8,18371.4,24470.4,0,10189.8,20379.6,0,40759.2,0,24470.4,10189.8,4090.78,28561.2,10189.8,0,0,4090.78,10189.8,20379.6,18371.4,10189.8,14280.6,28561.2,14280.6,0,10189.8,20379.6,14280.6,44850,10189.8,20379.6,14280.6,20379.6,28561.2,0,20379.6,0,10189.8,14280.6,10189.8,30569.4,0,20379.6,14280.6,4090.78,10189.8,10189.8,4090.78,0,10189.8,14280.6,8181.56,4090.78,18371.4,28561.2,10189.8,14280.6,44850,36742.7,4090.78,4090.78,0,4090.78,0,8181.56,4090.78,4090.78,10189.8,8181.56,0,14280.6,14280.6,14280.6,10189.8,24470.4,0,10189.8,4090.78,0,38750.9,0,20379.6,22462.1,14280.6,14280.6,4090.78,14280.6,0,10189.8,0,14280.6,40759.2,44850,0,8181.56,20379.6,10189.8,4090.78,0,0,0,0,4090.78,10189.8,20379.6,14280.6,20379.6,0,20379.6,20379.6,4090.78,0,10189.8,4090.78,10189.8,20379.6,24470.4,10189.8,0,0,0,0,14280.6,10189.8,4090.78,10189.8,10189.8,24470.4,0,8181.56,10189.8,20379.6,10189.8,28561.2,0,20379.6,4090.78,14280.6,20379.6,4090.78,10189.8,10189.8,24470.4,0,4090.78,0,8181.56,0,30569.4,4090.78,4090.78,0,0,10189.8,28561.2,0,20379.6,10189.8,24470.4,20379.6,0,18371.4,4090.78,10189.8,4090.78,4090.78,4090.78,0,0,0,0,14280.6,10189.8,10189.8,4090.78,10189.8,0,4090.78,0,0,10189.8,0,20379.6,0,10189.8,30569.4,32651.9,0,10189.8,10189.8,14280.6,20379.6,10189.8,18371.4,10189.8,0,10189.8,10189.8,24470.4,0,8181.56,20379.6,0,4090.78,30569.4,4090.78,4090.78,0,4090.78,0,4090.78,4090.78,4090.78,4090.78,20379.6,0,0,10189.8,14280.6,10189.8,0,10189.8,0,0,8181.56,10189.8,20379.6,0,18371.4,4090.78,0,24470.4,0,0,10189.8,8181.56,4090.78,10189.8,14280.6,20379.6,10189.8,14280.6,20379.6,24470.4,4090.78,4090.78,10189.8,10189.8,8181.56,0,0,20379.6,4090.78,10189.8,0,0,0,0,0,0,0,0,0,0,0,0,0,0,0,0,0,0,0,0,0,0,0,0,0,0,0,0,0,0,0,0,0,0,0,0,0,0,0,0,0,0,0,0,0,0,0,0,0,0,0,0,0,0,0,0,0
71633.5,116475,120640,102343,38973.7,104277,85980.4,61435.8,67534.8,61287.3,28709.7,45072.7,36742.6,49089.2,47155.1,49089.3,26627.2,24544.7,24544.6,16363.1,32726.2,49089.3,30643.7,14280.6,32726.2,28709.7,32726.2,24693.2,16363.1,16363.2,24544.6,40907.7,28561.1,6099.01,24544.6,8181.52,51171.8,16363.1,26627.2,8330.06,32726.2,10264.1,32874.7,36742.7,2082.51,20379.6,32726.2,14280.5,12198,26627.2,18445.6,10264.1,24544.7,16363.1,34808.7,57270.9,28561.1,20379.6,18445.6,32726.2,30643.7,32726.2,30643.7,28709.7,14280.6,38825.2,57270.9,8181.54,14280.5,16363.1,8181.56,22462.1,14280.6,18445.6,32726.2,40907.8,16363.1,24544.7,22462.2,0,6099.01,20528.2,4165.06,20379.6,12346.6,10264.1,8181.56,18445.6,12198.1,10264.1,8181.52,0,30643.7,4165.06,10264.1,8181.56,12198.1,8181.56,26478.6,22462.2,4165.04,28561.2,16363.1,22462.2,30643.7,0,0,8181.56,24544.7,8181.56,14280.6,6099.01,12198.1,22462.1,10264.1,42990.3,0,10264.1,16363.1,10264.1,12346.6,20528.2,8181.54,16363.1,32726.2,10264.1,2082.53,10264.1,14280.6,14280.6,47006.8,0,26627.2,16363.1,16363.1,6247.59,26478.7,0,26478.7,12346.6,30643.7,0,26627.2,10264.1,16363.1,16363.1,16363.1,26627.2,18445.7,2082.53,6247.59,4165.04,24544.7,0,2082.53,4165.04,34808.8,8181.56,18445.7,12346.6,0,8181.56,12346.6,8181.56,6099.03,42841.8,0,10264.1,10264.1,10264.1,10264.1,14280.6,2082.53,4165.06,0,8181.56,16363.1,24544.7,4165.04,6099.03,16363.1,2082.53,24544.7,0,0,16363.1,8181.56,32726.2,6099.03,0,10264.1,10264.1,2082.53,10264.1,16363.1,14280.6,2082.53,8181.56,2082.53,6099.03,2082.53,8181.56,8181.56,14280.6,8181.56,8181.56,0,0,18445.7,8181.56,16363.1,0,2082.53,0,8181.56,8181.56,0,2082.51,8181.56,8181.56,16363.1,8181.56,6099.03,8181.56,24544.7,14280.6,22462.2,18445.6,16363.1,0,16363.1,0,22462.2,24544.7,14280.6,10264.1,2082.53,0,16363.1,10264.1,6099.03,0,10264.1,10264.1,8181.56,26627.2,8181.56,2082.53,16363.1,12346.6,8181.56,0,10264.1,0,8181.56,10264.1,12198.1,6099.03,0,2082.53,18445.7,8181.56,20528.2,2082.53,8181.56,0,8181.56,6099.03,2082.53,0,2082.53,0,10264.1,26478.6,8181.56,24544.7,20379.6,18445.7,28561.2,8181.56,16363.1,2082.53,0,0,2082.53,6099.03,22462.2,14280.6,10264.1,0,2082.53,14280.6,10264.1,0,2082.53,26627.2,2082.53,28709.7,2082.53,24544.7,14280.6,18445.7,16363.1,8181.56,8181.56,16363.1,8181.56,2082.53,16363.1,8181.56,6099.03,10264.1,2082.53,10264.1,8181.56,20528.2,0,10264.1,0,14429.2,8181.56,10264.1,10264.1,0,8181.56,14280.6,6247.57,14280.6,10264.1,2082.53,16363.1,0,0,2082.53,16363.1,8181.56,8181.59,10264.1,4165.06,8181.56,0,18445.7,8181.56,16363.1,24544.7,14280.6,16363.1,16363.1,16363.1,0,20379.6,8181.56,12346.6,8181.56,16363.1,16363.1,2082.53,8181.56,30643.7,2082.53,8181.56,8181.56,22462.1,0,8181.56,0,0,6099.03,6099.03,10264.1,16363.1,8181.56,0,8181.56,22462.2,26627.2,18445.7,8181.56,0,10264.1,10264.1,36891.3,24544.7,8181.56,12198.1,0,8181.56,6099.03,0,0,10264.1,6099.03,0,6099.03,0,6099.03,16363.1,8181.56,14280.6,20379.6,30643.7,18445.7,0,6099.03,0,10264.1,14280.6,0,12346.6,10264.1,6099.03,0,10264.1,2082.53,22462.2,8181.56,8181.56,16363.1,6099.03,2082.53,6099.03,8181.56,8181.56,32726.2,14280.6,12346.6,0,2082.53,8181.56,8181.56,10264.1,8181.56,0,8181.56,14280.6,22462.2,8181.56,0,0,24544.7,8181.56,14280.6,12346.6,8181.56,0,6099.03,16363.1,8181.56,2082.53,0,6099.03,8181.56,18445.7,20528.2,0,0,16363.1,10264.1,0,0,6099.03,0,2082.53,0,0,8181.56,6099.03,14280.6,0,2082.53,4165.06,14280.6,8181.56,16363.1,6099.03,8181.56,0,10264.1,0,0,4165.06,2082.53,8181.56,0,10264.1,6099.03,16363.2,8181.56,6099.03,0,0,2082.53,24544.7,6099.03,0,10264.1,18445.7,20379.6,16363.1,24544.7,4165.04,32726.3,0,16363.1,8181.56,6099.03,8181.56,10264.1,16363.1,10264.1,12198.1,2082.53,6099.03,0,0,10264.1,0,10264.1,8181.56,0,10264.1,8181.56,8181.56,8181.56,2082.53,4165.06,8181.56,6247.59,2082.53,18445.7,2082.53,8181.56,2082.53,6099.03,2082.53,0,6099.03,0,14280.6,14280.6,0,2082.53,16363.2,8181.56,8181.56,0,0,0,0,0,0,0,0,0,0,0,0,0,0,0,0,0,0,0,0,0,0,0,0,0,0,0,0,0,0,0,0,0,0,0,0,0,0,0,0,0,0,0,0,0,0,0,0,0,0,0,0,0,0,0
149350,132838,88062.9,73782.2,69617.3,104574,53254.2,51171.8,92228,59353.2,34808.7,42990.3,20528.1,71699.9,51023.2,55188.3,38973.7,55188.3,12346.6,28709.6,49089.2,28709.7,22610.7,38825.2,36891.3,36891.2,20528.1,20528.1,38973.7,28709.6,8181.52,40907.8,18445.7,18445.6,47006.8,55188.4,24544.7,8181.56,26627.2,34808.8,24544.7,16363.1,45072.7,24544.6,14429.1,34808.8,26627.2,10264.1,28561.2,8330.1,16511.6,28709.7,40907.8,30792.2,32726.2,34660.2,20528.2,32726.2,26627.2,42990.2,0,8181.56,8181.54,24544.7,32726.2,22462.1,0,32726.2,8181.56,42990.3,20528.2,8181.56,20379.6,24544.7,26627.2,18445.6,8181.56,2082.51,24693.2,8181.56,10264.1,20528.1,10264.1,10264.1,30643.7,16363.2,28709.7,10264.1,8181.56,10264.1,8181.56,14280.6,16363.1,26627.2,18445.7,18445.6,0,6099.03,16363.1,18445.6,2082.51,22462.1,22462.1,10264.1,16363.1,2082.53,18445.7,2082.51,16363.1,10264.1,40907.8,8181.56,10264.1,12346.6,36742.7,0,12346.6,8181.59,16363.1,8181.56,10264.1,28561.2,24544.7,18445.6,2082.53,10264.1,16363.1,10264.1,0,4165.06,0,2082.53,8181.56,0,40907.8,0,8181.56,32726.2,16363.1,12346.6,24544.7,22462.2,22610.7,10264.1,28709.7,16363.1,30643.7,18445.7,30792.2,0,2082.53,2082.53,0,14280.6,2082.53,36742.7,2082.51,10264.1,8181.54,8181.56,26627.2,8181.56,16363.1,16363.1,2082.53,12346.6,10264.1,36742.7,2082.53,14280.6,12198.1,10264.1,26627.2,0,8181.56,8181.56,42990.3,14280.6,6099.03,2082.51,8181.56,10264.1,16363.1,0,12346.6,8181.56,24544.7,2082.51,22462.1,8181.56,16363.1,8181.56,22462.2,16363.1,0,8181.56,2082.53,8181.56,8181.56,10264.1,18445.7,6099.03,10264.1,6099.03,8181.56,16363.1,22462.2,2082.53,0,20379.6,18445.7,40907.8,16363.1,22462.2,12346.6,16363.1,10264.1,16363.1,8181.56,4165.06,0,8181.56,10264.1,8181.56,8181.56,6099.03,2082.53,30643.7,8181.56,20528.2,6099.03,14280.6,16363.2,0,16363.1,2082.51,8181.56,8181.56,16363.1,20528.2,16363.1,0,2082.53,16363.1,8181.56,8181.56,10264.1,8181.56,0,0,0,24544.7,4165.06,8181.56,24544.7,8181.56,16363.1,8181.56,4165.06,0,10264.1,2082.53,0,0,22462.2,0,24544.7,2082.53,30643.7,18445.7,6099.03,24544.7,0,10264.1,22462.2,0,14429.2,6099.03,16363.1,24544.7,8181.56,30792.3,22462.2,10264.1,0,0,8181.56,0,0,2082.53,16363.1,8181.56,6099.03,16363.1,10264.1,20528.2,4165.06,16363.1,10264.1,18445.6,4165.04,8181.56,6099.03,16363.1,8181.56,12346.6,16363.1,14280.6,10264.1,8181.56,16363.1,28709.7,0,8181.56,0,8181.59,18445.7,10264.1,0,2082.53,6099.03,10264.1,8181.56,18445.7,8181.56,24544.7,0,2082.53,8181.56,0,32726.2,16363.2,32726.2,12346.6,6099.03,8181.56,2082.53,0,0,16363.1,0,8181.56,0,8181.56,8181.56,10264.1,0,0,0,14280.6,8181.56,8181.56,6099.03,6099.03,2082.53,14280.6,0,6099.03,8181.56,8181.56,14280.6,6099.03,18445.7,0,18445.7,0,8181.56,2082.53,8181.56,8181.56,0,0,8181.56,6099.03,8181.56,16363.1,0,24544.7,0,2082.53,0,12198.1,8181.56,2082.53,6099.03,8181.56,0,20528.2,8181.56,16363.1,16363.1,2082.53,0,0,8181.56,38825.3,8181.56,0,16363.1,6099.03,2082.53,16363.1,8181.56,2082.53,16363.1,10264.1,18445.7,8181.56,8181.56,0,20379.6,26627.2,8181.56,18445.7,0,0,26627.2,0,18445.7,20528.2,24544.7,18445.7,0,12346.6,10264.1,0,0,8181.56,24544.7,0,0,8181.56,16363.1,16363.1,6099.03,12346.6,0,0,12346.6,0,0,6099.03,2082.53,16363.1,0,10264.1,8181.56,0,8181.56,10264.1,2082.53,4165.06,0,0,0,8181.56,18445.7,14280.6,4165.06,10264.1,0,18445.7,0,10264.1,8181.56,6099.03,0,14280.6,32726.2,8181.56,0,0,22462.2,8181.56,6099.03,10264.1,0,18445.7,2082.53,14280.6,8181.56,8181.56,8181.56,2082.53,10264.1,0,8181.56,8181.56,8181.56,0,6099.03,8181.56,8181.56,14280.6,0,22462.2,0,0,18445.7,2082.53,18445.7,8181.56,14280.6,0,0,0,0,18445.7,14280.6,2082.53,8181.56,2082.53,0,26627.2,0,8181.56,16363.1,0,8181.56,2082.53,24544.7,10264.1,0,10264.1,2082.53,0,12346.6,4165.06,0,8330.12,8181.56,2082.53,10264.1,2082.53,2082.53,10264.1,0,10264.1,14280.6,0,0,0,8181.56,10264.1,0,2082.53,0,8181.56,8181.56,8181.56,16363.1,0,0,0,16363.1,0,0,0,0,0,0,0,0,0,0,0,0,0,0,0,0,0,0,0,0,0,0,0,0,0,0,0,0,0,0,0,0,0,0,0,0,0,0,0,0,0,0,0,0,0
198439,118707,108442,77798.8,98178.5,116624,75716.4,49089.2,53105.7,73634,88063,34808.7,24544.6,49089.3,34808.7,20528.1,67534.9,55336.9,18445.6,36891.2,40907.7,30643.6,26627.1,24544.6,32726.2,24544.6,24544.6,42990.3,12346.6,32874.7,22610.7,34808.7,30792.2,34808.8,26627.2,45072.8,42990.2,10264.1,32726.2,8181.56,28561.2,18445.6,28709.7,32726.2,18445.6,38973.8,26627.2,38825.2,18445.6,24544.7,24544.7,14280.6,14429.1,51171.9,26627.2,32726.2,28709.7,36891.2,28709.7,18445.6,12346.5,18445.6,2082.53,14280.6,6099.01,6247.55,26627.2,18445.6,18445.6,24693.2,16363.1,26627.2,14280.6,10264.1,10264.1,16363.1,30643.7,34808.7,6099.03,28709.7,10264.1,0,36742.7,10264.1,28709.7,24544.7,0,0,18445.7,14280.6,0,26627.2,16363.1,10264.1,34808.8,2082.53,10264.1,20528.2,0,10264.1,8181.56,16363.1,0,10264.1,10264.1,28709.7,30643.7,2082.51,8181.56,2082.53,18445.6,24544.7,10264.1,8181.56,22462.2,14429.1,8181.56,22462.2,22462.2,24544.7,12346.6,2082.53,18445.7,0,8181.56,8181.56,20528.1,18445.7,20528.2,0,16363.1,18445.7,10264.1,8181.56,12346.6,0,14280.6,0,8181.56,2082.53,0,14429.2,20528.2,24544.7,6099.03,8181.56,8181.56,4165.04,10264.1,8181.56,8181.56,18445.7,24544.7,8181.56,10264.1,6099.03,24544.6,8181.56,0,8181.56,34808.8,38825.3,24544.7,24544.7,16363.1,14429.1,24544.7,18445.7,10264.1,8181.56,16363.1,18445.7,2082.53,4165.06,12346.6,2082.53,10264.1,20379.6,32726.2,18445.7,16363.1,10264.1,40907.8,16363.1,18445.7,18445.7,10264.1,0,10264.1,8181.56,2082.53,6099.03,8181.56,14280.6,2082.53,10264.1,8181.56,2082.53,16363.1,0,6099.03,0,16363.1,18445.7,0,2082.53,2082.53,10264.1,20379.6,10264.1,6099.03,0,4165.04,0,14429.1,0,28561.2,6099.03,16363.1,14280.6,32726.2,20528.2,8181.56,12346.6,18445.7,0,8181.56,16363.1,8181.56,30643.7,0,8181.56,16363.1,8181.56,10264.1,0,0,0,12346.6,16363.1,2082.53,16363.1,0,10264.1,8181.56,2082.53,2082.53,8181.56,2082.53,8181.56,12198.1,18445.7,8181.56,8181.56,2082.53,0,8181.56,8181.56,8181.56,6099.03,14280.6,0,0,2082.53,2082.53,0,2082.53,4165.06,16363.1,0,28709.7,8181.59,14280.6,0,2082.53,32726.2,14280.6,8181.56,12346.6,8181.56,10264.1,2082.51,10264.1,0,0,10264.1,8181.56,14280.6,0,0,8181.56,16363.1,16363.1,12346.6,8181.56,8181.56,0,14280.6,8181.56,8181.56,8181.56,0,0,8181.56,2082.53,4165.06,14280.6,26627.2,0,0,0,16363.1,16363.1,0,10264.1,10264.1,10264.1,20528.2,8181.56,6247.59,8181.56,8181.56,8181.56,8181.56,8181.56,26627.2,18445.7,10264.1,24544.7,16363.1,0,12346.6,8181.56,2082.53,42990.3,8181.56,4165.06,16363.1,14280.6,2082.53,16363.1,16363.1,24544.7,8181.56,10264.1,16363.1,16363.1,8181.56,8181.56,8181.56,2082.53,8181.56,8181.56,2082.53,16363.1,2082.53,12346.6,8181.56,0,14280.6,16363.1,12346.6,0,0,8181.56,8181.56,0,8181.56,6099.03,8181.56,16363.1,0,0,6099.03,0,0,0,26478.6,2082.53,10264.1,10264.1,8181.56,0,4165.04,8181.56,2082.53,0,10264.1,16363.1,16363.1,8181.56,2082.53,16363.1,0,14280.6,0,18445.7,16363.1,12346.6,8181.56,8181.56,0,0,8181.56,8181.56,0,0,16363.1,0,18445.7,16363.1,0,2082.53,2082.53,8181.56,8181.56,8181.56,0,8181.56,10264.1,12346.6,0,8181.56,16363.1,8181.56,2082.53,10264.1,6099.03,0,8181.56,8181.56,8181.56,0,0,0,8181.56,0,8181.56,0,8181.56,32726.2,8181.56,24544.7,2082.53,24544.7,8181.56,4165.06,20528.2,10264.1,10264.1,16363.1,18445.7,8181.56,4165.06,0,24544.7,12198.1,12346.6,8181.56,16363.1,0,0,14280.6,10264.1,8181.56,10264.1,16363.2,16363.1,0,16363.1,0,8181.56,26627.2,0,0,10264.1,0,8181.56,6099.03,0,16363.1,8181.56,2082.53,8181.56,8181.56,6099.03,0,26627.2,2082.53,6099.03,10264.1,0,0,2082.53,0,8181.56,14280.6,8181.56,8181.56,0,0,0,0,0,8181.56,4165.06,18445.7,10264.1,2082.53,0,24544.7,0,14280.6,8181.56,10264.1,0,8181.56,0,8181.56,0,8181.56,6099.03,8181.56,10264.1,32726.2,22462.2,4165.06,8181.56,0,4165.06,18445.7,2082.53,0,8181.56,16363.1,16363.2,0,16363.1,0,8181.56,8181.56,8181.56,2082.53,12346.6,8181.56,0,0,8181.56,0,2082.53,18445.7,0,14280.6,24544.7,18445.7,0,2082.53,10264.1,0,16363.1,8181.56,0,0,0,0,0,0,0,0,0,0,0,0,0,0,0,0,0,0,0,0,0,0,0,0,0,0,0,0,0,0,0,0,0,0,0,0,0,0,0
180591,224995,176352,113502,125477,143700,72965.4,97138.8,107254,48569.4,119675,42470.3,99146.9,58759.1,64858.2,77056.3,56676.6,60767.4,46561.1,60767.4,64858.2,105469,85089.2,14206.3,101230,113502,48569.4,54742.7,76982,95279.1,46561.1,48643.6,76982,87171.7,34437.3,52660.2,56676.6,56825.2,34437.3,50651.9,62775.7,52734.4,68949,60767.4,76982,20231,38453.9,48643.6,74899.5,38528.1,60767.4,42618.9,52734.4,77056.2,97213,44552.8,36445.6,52734.4,28412.6,20231,22239.3,26330.1,62775.7,12123.8,62775.7,99295.5,76907.8,64858.2,46561.1,20231,54742.7,36445.6,28412.6,50651.9,79064.5,62775.7,24321.8,72965.4,10115.5,81072.8,36445.6,46561.1,48643.6,40536.4,42618.9,46561.1,22239.3,50651.9,74973.7,40536.4,40536.4,48643.6,36445.6,14206.3,0,12123.8,28412.6,40536.4,28412.6,52660.2,72965.4,10115.5,34363.1,24247.6,24321.8,10115.5,48643.6,0,22239.3,22239.3,52734.4,14206.3,38528.1,58684.9,14206.3,76907.8,28412.6,91262.5,14206.3,38528.1,10115.5,22239.3,46561.1,50651.9,48569.4,24321.8,28412.6,38528.1,14206.3,0,0,0,0,26330.1,24321.8,10115.5,28412.6,36445.6,24321.8,64858.2,38528.1,60693.2,10115.5,24321.8,22239.3,54742.7,10115.5,40536.5,34437.3,34363.1,22239.3,32354.8,38528.1,20231,42618.9,38528.1,26330.1,48643.6,64784,22239.3,28412.6,52660.2,26330.1,36445.6,38528.1,0,14206.3,64858.2,46561.1,24321.8,14206.3,28412.6,38453.9,10115.5,48643.6,14206.3,12123.8,26330.1,26330.1,71031.5,24321.8,24321.8,36445.6,0,14206.3,14206.3,34437.3,28412.6,56825.2,14206.3,72891.2,0,0,62775.7,0,24321.8,34437.3,20231,34437.3,40536.4,26330.1,0,12123.8,14206.3,20231,38453.9,0,10115.5,54668.3,14206.3,14206.3,14206.3,0,28412.6,0,32354.8,0,40536.4,24321.8,46561.1,12123.8,36445.6,24321.8,0,38528.1,0,0,28412.6,10115.5,0,0,0,12123.8,42618.9,36445.6,0,28412.6,24321.9,40536.4,40536.4,14206.3,28412.6,48643.6,12123.8,38528.1,14206.3,24321.8,24247.6,10115.5,0,14206.3,38528.1,42618.9,22239.3,12123.8,24247.6,24247.6,10115.5,14206.3,20231,46561.1,14206.3,26330.1,26330.1,0,28412.6,10115.5,14206.3,26330.1,0,0,0,36445.6,10115.5,40536.4,28412.6,24321.8,0,42618.9,0,14206.3,14206.3,54742.7,26330.1,10115.5,14206.3,0,52660.2,24321.8,34363.1,48643.6,0,28412.6,34437.3,0,28412.6,36445.6,48643.6,0,10115.5,28412.6,12123.8,62775.7,40536.4,12123.8,0,14206.3,24321.8,22239.3,28412.6,28412.6,0,26330.1,24321.9,14206.3,30346.5,26330.1,0,68949,34437.3,12123.8,14206.3,14206.3,10115.5,14206.3,14206.3,40536.4,14206.3,0,0,12123.8,0,10115.5,28412.6,12123.8,28412.6,10115.5,28412.6,0,40536.4,14206.3,24247.6,14206.3,36445.6,54742.7,28412.6,0,0,14206.3,0,14206.3,10115.5,14206.3,14206.3,0,26330.2,0,0,10115.5,14206.3,10115.5,0,10115.5,14206.3,60767.5,24321.8,26330.1,48569.4,0,22239.3,28412.6,12123.8,24321.8,0,22239.3,20231,24321.8,56825.2,0,32354.8,0,0,0,42618.9,0,10115.5,28412.6,14206.3,22239.3,24247.6,0,0,14206.3,10115.5,24321.8,0,14206.3,10115.5,22239.3,10115.5,28412.6,0,0,28412.6,22239.3,14206.3,10115.5,14206.3,10115.5,30346.5,26330.1,12123.8,26330.1,14206.3,10115.5,0,0,14206.3,14206.3,0,12123.8,0,14206.3,10115.5,14206.3,24321.8,0,0,52734.4,26330.1,0,12123.8,14206.3,0,12123.8,0,24321.8,52660.2,14206.3,14206.3,34437.4,42618.9,10115.5,22239.3,0,83155.3,38453.9,0,0,0,12123.8,0,14206.3,34363.1,10115.5,0,14206.3,14206.3,12123.8,14206.3,0,12123.8,26330.1,14206.3,12123.8,34437.4,24321.8,0,0,24321.8,0,42618.9,12123.8,14206.3,0,36445.6,26330.1,24321.8,38528.1,14206.3,26330.1,14206.3,10115.5,14206.3,36371.4,24321.8,24321.8,24321.8,10115.5,24321.8,0,20231,24321.8,36445.6,44552.8,12123.8,14206.3,14206.3,12123.8,28412.6,12123.8,0,38528.1,12123.8,14206.3,0,10115.5,24321.8,0,50651.9,28412.6,30346.5,12123.8,14206.3,12123.8,28412.6,0,38528.2,42618.9,0,26330.1,24321.8,0,14206.3,0,0,0,28412.6,10115.5,38528.1,10115.5,12123.8,24321.8,14206.3,0,26330.1,0,0,0,26330.1,14206.4,14206.3,0,10115.5,0,0,44478.6,14206.3,26330.1,14206.3,0,0,0,0,0,0,0,0,0,0,0,0,0,0,0,0,0,0,0,0,0,0,0,0,0,0,0,0,0,0,0,0,0,0,0,0,0,0,0,0,0,0,0,0,0,0,0,0,0,0
154258,63815.3,59724.5,100855,59650.4,61732.8,53477.1,35031.4,53477.1,34882.9,30866.5,35031.6,51394.6,20602.4,18519.9,18594.1,41130.6,37113.9,22685,18519.9,6173.31,26701.4,18519.9,30866.5,24693.2,24693.2,30866.5,14429.2,8255.82,20676.7,8255.78,20602.4,22610.7,20602.3,28784,20602.4,10338.3,8255.82,37059.8,18519.9,26775.7,26775.7,10264.1,31019.4,39122.3,24767.4,4165.02,24693.2,12346.6,32874.7,20602.5,10264.1,36965.5,35031.6,26775.8,10264.1,14429.1,10264.1,12346.6,24693.2,26775.7,10264.1,16511.7,14429.1,10264.1,12346.6,34998.2,26775.7,12346.6,4090.76,12346.6,6173.31,8255.84,22610.7,12346.6,20602.5,0,22610.7,2082.51,0,0,12346.6,0,0,4090.78,39122.4,0,20602.4,18519.9,8255.82,16437.4,16437.4,22685,6173.31,22610.7,16437.4,18519.9,4165.04,6173.31,14429.1,14354.9,8255.84,10264.1,18519.9,4090.78,16511.7,8255.82,8255.84,32949.1,8255.84,6173.31,4090.78,0,2082.51,14429.2,18519.9,10264.1,10264.1,0,18519.9,8255.84,16511.7,6247.55,22610.7,20602.4,4090.78,2082.53,4090.78,6173.31,6173.31,0,20528.2,8255.82,8255.84,8255.82,0,8255.84,6173.31,8255.84,10338.4,12346.6,12346.6,6173.31,28858.3,2082.51,26775.8,6173.31,18519.9,6173.31,28784,18519.9,0,22685,8181.56,26775.8,8255.84,8255.84,10264.1,16437.4,8255.84,24693.2,10264.1,0,24693.2,26701.5,0,8255.84,6173.29,0,18520,4090.78,2082.51,14429.2,14429.2,14429.1,12346.6,18519.9,10264.1,12346.6,0,8255.84,6173.31,4090.78,2082.51,6173.31,8255.84,0,16437.4,0,4090.78,18519.9,20528.2,6173.27,16437.4,4165.02,8255.82,18519.9,2082.51,12346.6,12346.6,6173.31,6173.31,0,12420.9,22610.7,10264.1,16437.4,14354.9,16437.4,0,4090.78,2082.53,20528.2,6173.31,4090.78,4090.78,0,20602.5,10338.4,6173.31,2082.53,12346.6,4090.78,2082.53,6173.31,12346.6,8255.84,14429.2,10264.1,0,10338.4,6173.31,10264.1,10264.1,4090.78,0,8255.84,18519.9,12346.6,4090.78,20602.4,2082.53,2082.53,0,6173.31,0,0,18519.9,6173.31,28784,0,0,8255.84,4090.78,8255.84,12346.6,10264.1,8255.84,0,6173.31,0,8255.84,0,22610.7,4090.78,6173.31,0,4090.78,6173.31,12346.6,2082.53,10264.1,4090.78,8255.84,14354.9,20528.2,0,6173.31,14429.2,20602.4,2082.53,18519.9,6173.31,12346.6,0,8255.84,2082.53,6173.31,0,0,0,6173.31,12346.6,16437.4,16511.7,4090.78,6173.31,10338.4,2082.53,2082.53,0,6173.31,20602.5,0,6173.31,22610.7,2082.51,6247.59,4090.78,22610.7,14354.9,4090.78,6173.31,0,0,0,0,22610.7,0,14429.2,0,6173.31,6173.31,8255.84,0,8255.84,4090.78,0,2082.53,6173.31,12346.6,0,0,0,0,6173.31,6173.31,0,0,6247.57,0,6173.31,16511.7,0,2082.53,8255.84,6173.31,2082.53,10264.1,0,6173.31,4090.78,0,0,12346.6,2082.53,2082.53,4090.78,16511.7,14429.2,6173.31,24693.2,6173.31,6173.31,0,6173.31,12346.6,10264.1,0,2082.53,0,12346.6,4090.78,0,0,2082.53,4090.78,0,6173.31,10338.4,6173.31,0,14429.2,4165.06,4090.78,0,6247.59,0,8255.84,6173.31,6173.31,2082.53,0,4090.78,0,20602.5,4165.06,6173.31,12346.6,6173.31,0,14354.9,10264.1,8255.84,10264.1,16511.7,10264.1,0,0,14429.2,0,6173.31,2082.53,18519.9,4090.78,6173.31,2082.53,18519.9,0,0,0,2082.53,6173.31,4090.78,2082.53,8255.84,0,0,4090.78,16437.4,2082.53,16511.7,10264.1,8255.84,8181.56,4090.78,6173.31,4090.78,0,6173.31,12346.6,0,2082.53,6173.34,24693.2,0,0,0,0,2082.53,8255.84,0,2082.53,6173.31,0,4165.06,24693.2,2082.53,6173.31,14429.2,6173.31,2082.53,8181.56,10338.4,6173.31,22610.7,8255.84,12346.6,14429.2,0,0,2082.53,2082.53,6173.31,2082.53,10264.1,8255.84,0,6173.31,12346.6,8255.84,2082.53,0,0,2082.53,18519.9,6173.31,8255.84,0,0,4090.78,2082.53,4090.78,12346.6,6173.31,6173.31,6173.31,0,12346.6,0,6173.31,0,0,6173.31,2082.53,6173.31,0,10264.1,10264.1,0,8255.84,6173.31,2082.51,6173.31,0,4090.78,10264.1,0,16437.4,6173.31,10264.1,0,6173.31,6173.31,12346.6,0,14429.2,0,2082.53,0,6173.31,16437.4,0,16437.4,12346.6,0,2082.53,2082.53,0,0,4090.78,10338.4,8255.84,0,8255.84,0,8255.84,8255.84,0,8181.56,10264.1,8255.84,2082.53,0,6173.31,6173.31,14429.2,0,0,2082.53,4090.78,0,0,0,0,0,0,0,0,0,0,0,0,0,0,0,0,0,0,0,0,0,0,0,0,0,0,0,0,0,0,0,0,0,0,0,0,0,0,0
175977,77947.4,79881.3,98326.9,47303.7,65452.4,47155.1,106657,71848.4,28709.7,65600.9,51171.8,53254.3,38973.7,37039.7,18594.1,53402.8,18445.6,45072.8,42990.3,24544.7,36891.3,57419.3,30792.2,28709.7,22610.7,42990.3,24544.6,4165.02,38973.7,28709.7,14429.1,28858.1,0,28709.7,16363.1,8181.56,8181.56,55336.9,12346.6,14429.1,36891.2,45072.8,4165.04,20528.2,22610.7,20528.2,18445.6,20528.2,45072.8,2082.51,18445.7,16363.2,16363.2,26627.2,34808.8,18445.6,10264.1,10264.1,34808.8,18445.7,26627.2,16363.1,18445.6,16363.1,18445.6,18445.6,4165.02,36891.2,22610.7,30792.2,4165.06,34808.8,28709.7,0,12346.6,2082.53,18445.7,24544.7,36891.3,26627.2,30792.2,34808.8,20528.2,10264.1,26627.2,26627.2,18445.7,16363.1,10264.1,2082.53,18445.7,12346.6,18445.7,4165.02,20528.1,12346.6,0,40907.8,0,10264.1,12346.6,12346.6,12346.6,18445.7,10264.1,8181.56,38973.8,0,8181.56,18445.6,8181.56,2082.53,20528.1,8181.56,4165.04,0,0,24693.2,38973.8,0,10264.1,16363.1,2082.53,2082.51,12346.6,33023.3,10264.1,18445.6,12346.6,4165.06,2082.51,32726.2,18445.7,8181.56,4165.06,0,22610.7,0,20528.2,16363.1,26627.2,18445.6,26627.2,10264.1,18445.7,20528.2,10264.1,8181.56,4165.04,0,2082.53,20528.2,0,8181.56,8181.56,0,16363.1,10264.1,16363.1,16363.1,8181.56,0,0,32726.3,12346.6,12346.6,10264.1,16363.1,16363.1,12346.6,18445.7,10264.1,16363.1,16363.1,4165.04,8181.59,10264.1,34808.8,12346.6,20528.2,24693.2,0,14429.2,0,0,0,8181.56,36891.3,12346.6,0,10264.1,18445.7,10264.1,0,0,18445.7,0,0,10264.1,10264.1,0,8181.56,24544.7,20528.2,10264.1,18445.7,18445.7,16363.1,10264.1,0,10264.1,2082.53,2082.53,10264.1,8181.56,10264.1,10264.1,2082.53,16363.1,18445.7,2082.53,26627.2,4165.06,16363.1,2082.53,10264.1,18445.7,30792.3,2082.53,24544.7,8181.56,10264.1,2082.53,12346.6,26627.2,10264.1,0,12346.6,6247.59,24544.7,12346.6,8181.56,0,4165.06,10264.1,0,0,10264.1,0,10264.1,10264.1,10264.1,0,0,28709.7,8181.56,28709.7,16363.1,18445.7,20528.2,2082.53,16363.1,10264.1,4165.06,16363.1,12346.6,0,0,2082.53,0,8181.56,18445.7,10264.1,20528.2,16363.1,8181.56,16363.1,4165.06,16363.1,10264.1,8181.56,8181.56,8181.56,8181.56,16363.1,8181.56,18445.7,0,20528.2,16363.1,2082.53,2082.53,2082.53,10264.1,2082.53,0,10264.1,8181.56,10264.1,10264.1,8181.56,2082.53,8181.56,10264.1,10264.1,8181.56,2082.53,10264.1,12346.6,10264.1,12346.6,32726.2,18445.7,10264.1,8181.56,4165.06,10264.1,8181.56,16363.1,16363.1,28709.7,10264.1,8181.56,10264.1,8181.56,0,18445.7,16363.1,8181.56,8181.56,2082.53,8181.56,2082.53,4165.06,8181.56,0,16363.1,2082.53,8181.56,0,2082.53,4165.06,2082.53,0,8181.56,2082.53,16363.1,8181.56,8181.56,18445.7,8181.56,8181.56,2082.53,10264.1,2082.53,4165.06,10264.1,2082.53,10264.1,10264.1,8181.56,0,0,8181.56,8181.56,4165.06,8181.56,8181.56,18445.7,26627.2,0,0,2082.53,0,10264.1,16363.1,2082.53,18445.7,16363.1,0,2082.53,12346.6,2082.53,10264.1,0,8181.56,2082.53,0,0,2082.53,12346.6,2082.53,0,0,0,0,2082.53,16363.1,8181.56,0,0,0,2082.53,10264.1,0,24544.7,0,0,0,8181.56,0,2082.53,2082.53,2082.53,10264.1,16363.1,4165.06,10264.1,32726.2,0,8181.56,0,0,0,0,0,8181.56,0,0,2082.53,8181.56,0,10264.1,0,10264.1,0,10264.1,0,8181.56,10264.1,2082.53,0,2082.53,0,0,16363.1,4165.06,10264.1,2082.53,8181.56,4165.06,2082.53,2082.53,0,4165.06,0,0,0,0,4165.06,2082.53,2082.53,8181.56,10264.1,4165.06,8181.56,8181.56,0,0,26627.2,18445.7,2082.53,8181.56,2082.53,12346.6,10264.1,10264.1,0,10264.1,2082.53,2082.53,10264.1,8181.59,2082.53,10264.1,16363.1,10264.1,0,0,12346.6,20528.2,12346.6,32726.3,0,12346.6,12346.6,0,4165.06,2082.53,18445.7,18445.6,10264.1,0,0,20528.2,8181.56,8181.56,0,8181.56,0,8181.56,0,4165.06,0,0,2082.53,10264.1,8181.56,10264.1,10264.1,0,8181.56,0,0,0,8181.56,20528.2,8181.56,16363.1,2082.53,8181.56,4165.06,2082.53,10264.1,0,0,10264.1,8181.56,0,8181.56,12346.6,0,4165.06,10264.1,16363.1,0,16363.1,0,6247.59,8181.56,0,8181.56,2082.53,0,0,0,0,0,0,0,0,0,0,0,0,0,0,0,0,0,0,0,0,0,0,0,0,0,0,0,0,0,0,0,0,0,0,0,0,0,0,0,0,0,0,0,0,0,0
234448,150764,113947,113947,73188.2,67163.5,59056.3,124137,85460.6,65081,42618.8,65081,83378.1,59056.3,61138.8,81295.5,56973.7,65081,107923,59056.3,40759.2,38676.7,59056.3,77353.3,48866.5,28486.9,40759.2,8107.26,48866.5,81518.4,18297.1,18297.1,44701.4,46783.9,30569.4,46783.9,48866.5,40759.2,48866.5,67163.5,38676.7,46783.9,56973.7,44701.4,34511.6,30569.4,59056.3,16214.5,38676.7,38676.7,20379.6,56973.7,0,46783.9,18297.1,28486.9,59056.3,40759.2,30569.4,26404.3,61138.8,28486.9,20379.6,30569.4,18297.1,40759.2,10189.8,52808.7,20379.6,8107.26,26404.3,52808.7,40759.2,79435.9,46784,38676.7,28486.9,28486.9,8107.28,28486.9,59056.3,8107.28,0,20379.6,30569.4,16214.6,28486.9,40759.2,20379.6,50949,50949,48866.5,10189.8,0,28486.9,10189.8,10189.8,30569.4,8107.26,38676.7,16214.6,26404.3,8107.28,38676.7,40759.2,28486.9,44701.4,18297.1,10189.8,8107.26,40759.2,20379.6,18297.1,8107.28,28486.9,24321.8,0,8107.26,20379.6,28486.9,40759.2,40759.2,44701.4,28486.9,28486.9,38676.7,16214.5,30569.4,20379.6,38676.7,26404.3,30569.4,36594.2,0,40759.2,20379.6,0,28486.9,36594.1,28486.9,18297.1,18297.1,52808.7,20379.6,30569.4,36594.1,8107.26,38676.7,38676.7,10189.8,18297.1,8107.26,10189.8,20379.6,30569.4,28486.9,10189.8,18297.1,8107.28,20379.6,18297.1,8107.28,8107.28,0,20379.6,28486.9,30569.4,46784,38676.7,18297.1,46784,8107.28,18297.1,20379.6,38676.7,10189.8,18297.1,10189.8,18297.1,28486.9,10189.8,20379.6,10189.8,0,18297.1,10189.8,0,0,0,10189.8,0,18297.1,34511.6,16214.6,30569.4,8107.28,20379.6,16214.6,10189.8,10189.8,28486.9,18297.1,0,0,10189.8,10189.8,20379.6,20379.6,0,10189.8,30569.4,30569.4,0,0,18297.1,10189.8,30569.4,10189.8,10189.8,10189.8,36594.2,30569.4,28486.9,20379.6,10189.8,26404.4,20379.6,10189.8,8107.28,30569.4,10189.8,28486.9,8107.28,8107.28,18297.1,10189.8,0,0,18297.1,0,18297.1,18297.1,48866.5,0,0,10189.8,28486.9,10189.8,8107.28,10189.8,10189.8,0,10189.8,50949,20379.6,16214.6,0,0,8107.28,8107.28,20379.6,65081,34511.6,8107.28,48866.5,10189.8,0,20379.6,0,0,28486.9,48866.5,0,10189.8,10189.8,28486.9,16214.6,79435.9,0,28486.9,18297.1,10189.8,10189.8,20379.6,20379.6,10189.8,26404.4,0,8107.28,10189.8,36594.2,18297.1,0,28486.9,0,0,28486.9,28486.9,0,20379.6,30569.4,10189.8,38676.7,46784,20379.6,28486.9,20379.6,44701.4,20379.6,0,36594.2,0,10189.8,28486.9,20379.6,8107.28,0,0,18297.1,10189.8,10189.8,28486.9,10189.8,10189.8,0,0,26404.4,48866.5,18297.1,38676.7,20379.6,8107.28,0,18297.1,8107.28,10189.8,28486.9,16214.6,18297.1,16214.6,10189.8,20379.6,0,10189.8,18297.1,16214.6,20379.6,16214.6,10189.8,10189.8,0,20379.6,30569.4,10189.8,20379.6,10189.8,24321.8,0,8107.28,28486.9,8107.28,48866.5,0,10189.8,18297.1,28486.9,18297.1,18297.1,20379.6,8107.28,10189.8,26404.4,30569.4,18297.1,26404.4,0,8107.28,10189.8,10189.8,0,0,20379.6,10189.8,0,20379.6,10189.8,10189.8,0,10189.8,38676.7,48866.5,0,10189.8,18297.1,10189.8,28486.9,38676.7,8107.28,0,10189.8,18297.1,0,26404.4,30569.4,0,18297.1,10189.8,0,0,10189.8,18297.1,28486.9,28486.9,20379.6,0,10189.8,16214.6,0,8107.28,10189.8,30569.4,18297.1,10189.8,28486.9,10189.8,8107.28,8107.28,20379.6,10189.8,0,0,10189.8,10189.8,20379.6,10189.8,0,0,26404.4,0,18297.1,10189.8,10189.8,10189.8,30569.4,0,0,0,26404.4,0,10189.8,8107.28,18297.1,10189.8,10189.8,0,10189.8,0,10189.8,8107.28,28486.9,10189.8,28486.9,0,20379.6,0,8107.28,8107.28,18297.1,8107.28,10189.8,8107.28,10189.8,8107.28,30569.4,10189.8,18297.1,0,30569.4,40759.2,16214.6,0,48866.5,0,20379.6,10189.8,0,0,30569.4,18297.1,10189.8,0,0,8107.28,8107.28,26404.4,0,0,0,10189.8,10189.8,10189.8,0,20379.6,0,28486.9,10189.8,18297.1,0,0,10189.8,30569.4,8107.28,8107.28,36594.2,0,10189.8,20379.6,0,10189.8,10189.8,0,10189.8,10189.8,30569.4,20379.6,10189.8,0,0,0,8107.28,10189.8,0,10189.8,18297.1,18297.1,18297.1,8107.28,8107.28,0,20379.6,10189.8,10189.8,0,18297.1,10189.8,8107.28,10189.8,10189.8,8107.28,20379.6,10189.8,16214.6,18297.1,0,0,0,0,0,0,0,0,0,0,0,0,0,0,0,0,0,0,0,0,0,0,0,0,0,0,0,0,0,0,0,0,0,0,0,0,0,0,0,0,0,0,0,0,0,0,0
200753,116772,67683.3,86128.8,100261,38973.6,96244.4,47155.2,10264.1,42990.3,45072.7,59501.9,69617.4,57419.4,16363.1,26627.2,53254.3,16363.1,45072.7,34957.2,38973.8,10264,51171.8,14577.6,16363.1,39122.2,12346.6,18445.6,16511.6,43138.8,49237.8,12346.6,4165.04,36891.3,30792.2,41056.3,32726.2,22610.6,49237.8,32726.2,22610.7,2082.51,34808.7,22610.7,10264.1,18445.6,10264.1,12346.6,2082.51,18445.6,14429.1,24544.7,10264.1,10264.1,32726.2,12346.6,20528.1,26627.2,26627.2,14429.1,18445.6,16363.1,28709.7,2082.53,51171.9,10264.1,26627.2,16363.1,18445.6,14429.1,0,10264.1,14429.1,24544.7,53254.4,0,12346.6,8181.56,10264.1,22610.7,16363.1,20528.2,20528.2,42990.3,18594.2,10264.1,2082.53,10264.1,24544.7,6247.53,28709.7,0,16363.1,12346.6,20528.2,18445.7,2082.53,26627.2,10264.1,10264.1,16363.1,2082.53,12346.6,12346.6,8181.56,20528.2,26775.7,20528.2,16363.1,8181.56,14429.1,18445.7,16363.1,8181.56,26627.2,38973.8,2082.51,12346.6,26627.2,10264.1,10264.1,10264.1,12346.6,49089.4,10264.1,4165.04,18445.7,10264.1,22610.7,12346.6,18445.7,8181.56,0,0,4165.06,2082.51,2082.51,8181.56,4165.06,0,32726.2,10264.1,6247.59,22610.7,8181.56,0,18445.6,22610.7,14429.2,18445.7,8181.56,2082.53,20528.2,2082.53,16363.1,6247.55,0,2082.53,18445.7,24544.7,18445.7,16363.1,8181.56,16363.1,10264.1,10264.1,4165.06,32726.2,4165.04,0,2082.53,26627.2,0,6247.57,24544.7,12346.6,2082.53,2082.53,8181.56,16363.1,8181.56,0,14429.2,24544.7,16363.1,34808.8,2082.53,0,0,0,8181.56,0,6247.59,26627.2,10264.1,8181.56,0,0,0,34808.8,20528.2,34808.8,34808.8,10264.1,8181.56,4165.06,10264.1,8181.56,8181.56,4165.06,16363.1,16363.1,10264.1,8330.12,18445.7,0,10264.1,34808.8,2082.53,45072.9,26627.2,10264.1,0,8181.56,8181.56,0,2082.53,28709.7,18445.7,8181.56,8181.56,8181.56,2082.53,10264.1,2082.53,16363.1,10264.1,8181.56,8181.56,8181.56,8181.56,8181.56,32726.2,8181.56,8181.56,8181.59,4165.06,4165.06,2082.53,2082.53,2082.53,0,10264.1,10264.1,16363.1,28709.7,10264.1,4165.06,8181.56,16363.1,2082.53,8181.56,0,2082.53,0,0,16363.1,16363.1,2082.53,2082.53,4165.06,0,0,12346.6,0,16363.1,12346.6,8181.56,0,0,10264.1,16363.1,12346.6,16363.1,2082.53,10264.1,4165.06,0,0,0,24544.7,8181.59,12346.6,8181.56,0,16363.1,0,2082.53,0,18445.7,12346.6,12346.6,8181.56,18445.7,8181.56,18445.7,16363.1,8181.56,18445.7,4165.06,2082.53,2082.53,0,0,10264.1,8181.56,8181.56,8181.56,0,12346.6,2082.53,2082.53,8181.56,8181.56,12346.6,0,2082.53,12346.6,6247.59,10264.1,2082.53,8181.56,14429.2,0,0,16363.1,8181.56,34808.8,12346.6,0,8181.56,4165.06,10264.1,6247.59,0,2082.53,18445.7,10264.1,16363.1,0,8181.56,10264.1,8181.56,0,4165.06,16363.1,2082.53,24544.7,2082.53,16363.1,0,10264.1,0,0,18445.7,8181.59,10264.1,0,8181.56,0,2082.53,16511.7,0,2082.53,16363.1,0,2082.53,0,0,8181.56,0,8181.56,8181.56,2082.53,2082.53,0,8181.56,0,8181.56,10264.1,18445.7,20528.2,8181.56,4165.06,8181.56,0,8181.56,0,0,2082.53,8181.56,0,0,8181.56,10264.1,16363.1,16363.1,8181.56,8181.56,10264.1,2082.53,12346.7,2082.53,2082.53,0,10264.1,8181.56,16363.1,18445.7,0,8181.56,0,2082.53,8181.56,26627.2,16363.1,10264.1,18445.7,0,0,12346.6,8181.56,10264.1,8181.56,16363.1,0,8181.56,8181.56,8181.56,16363.1,8181.56,8181.56,0,0,6247.59,0,28709.7,14429.2,16363.1,4165.06,2082.53,0,10264.1,0,2082.53,10264.1,18445.7,0,8181.56,8181.56,0,16363.1,2082.53,8181.56,10264.1,0,2082.53,10264.1,4165.06,10264.1,10264.1,2082.53,8181.56,8181.56,10264.1,10264.1,0,18445.7,16363.1,2082.53,8181.56,2082.53,8181.56,8181.56,0,26627.2,2082.53,0,10264.1,16363.1,0,16363.2,0,16363.1,8181.56,8181.56,0,12346.6,2082.53,0,2082.53,0,0,8181.56,16363.1,16363.1,32726.2,16363.1,18445.7,16363.1,0,24544.7,20528.2,8181.56,2082.53,2082.53,10264.1,8181.56,10264.1,16363.1,0,16363.1,0,0,0,2082.53,10264.1,8181.56,8181.56,0,0,16363.1,10264.1,0,26627.2,8181.56,0,8181.56,0,8181.56,8181.56,8181.56,0,2082.53,0,0,12346.6,2082.53,0,0,0,10264.1,0,0,8181.59,2082.53,8181.56,16363.1,2082.53,2082.53,16363.1,14429.2,0,10264.1,0,10264.1,0,0,0,0,0,0,0,0,0,0,0,0,0,0,0,0,0,0,0,0,0,0,0,0,0,0,0,0,0,0,0,0,0,0
